model,rmse,mae,mape
LightGBM,5.482322744267937,4.153966036603116,25.388773978459472
Ensemble,5.494314097616629,4.187778285069081,25.58221612230121
XGBoost,5.5156002746546555,4.177550315856934,25.549857158215723
RandomForest,5.569090954880432,4.2287951270843465,25.78815863236293
LinearRegression,5.6596550380864254,4.326946248688958,26.330459982116285
